AGE_YRS,COUNT,JUVENILE_FLAG,Share_flagged
16.0,58519,56844,0.9713768177856764
17.0,15441,9559,0.6190661226604495
18.0,12215,242,0.01981170691772411
